{"cameraMode":{"drawMode":0,"name":"Shaded","section":"Shading Mode"},"sceneLighting":false,"audioPlay":false,"sceneViewState":{"m_AlwaysRefresh":false,"showFog":true,"showSkybox":false,"showFlares":true,"showImageEffects":true,"showParticleSystems":true,"showVisualEffectGraphs":true,"m_FxEnabled":true},"in2DMode":false,"pivot":{"x":333.4825744628906,"y":-33.919898986816409,"z":-234.30697631835938},"rotation":{"x":0.11266930401325226,"y":0.11475919932126999,"z":0.013222901150584221,"w":-0.9868685007095337},"size":25.929412841796876,"orthographic":false}