{"cameraMode":{"drawMode":0,"name":"Shaded","section":"Shading Mode"},"sceneLighting":false,"audioPlay":false,"sceneViewState":{"m_AlwaysRefresh":false,"showFog":true,"showSkybox":false,"showFlares":true,"showImageEffects":true,"showParticleSystems":true,"showVisualEffectGraphs":true,"m_FxEnabled":true},"in2DMode":false,"pivot":{"x":-0.19914734363555909,"y":-5.295363426208496,"z":-1.4974040985107422},"rotation":{"x":-0.30660656094551089,"y":-0.04595501348376274,"z":0.014824140816926957,"w":-0.9506180882453919},"size":10.036293983459473,"orthographic":false}