{"cameraMode":{"drawMode":0,"name":"Shaded","section":"Shading Mode"},"sceneLighting":false,"audioPlay":false,"sceneViewState":{"m_AlwaysRefresh":false,"showFog":true,"showSkybox":false,"showFlares":true,"showImageEffects":true,"showParticleSystems":true,"showVisualEffectGraphs":true,"m_FxEnabled":true},"in2DMode":false,"pivot":{"x":4.274503231048584,"y":-0.9434411525726318,"z":-0.2811756134033203},"rotation":{"x":0.001102062757126987,"y":-0.9988664984703064,"z":0.037475112825632098,"w":0.02937285602092743},"size":7.370809078216553,"orthographic":true}