{"cameraMode":{"drawMode":0,"name":"Shaded","section":"Shading Mode"},"sceneLighting":false,"audioPlay":false,"sceneViewState":{"m_AlwaysRefresh":false,"showFog":true,"showSkybox":false,"showFlares":true,"showImageEffects":true,"showParticleSystems":true,"showVisualEffectGraphs":true,"m_FxEnabled":true},"in2DMode":false,"pivot":{"x":0.12783920764923097,"y":1.2673184871673585,"z":0.02819347381591797},"rotation":{"x":0.02615324966609478,"y":0.972874104976654,"z":-0.18307073414325715,"w":0.13898298144340516},"size":2.8984129428863527,"orthographic":false}