{"cameraMode":{"drawMode":0,"name":"Shaded","section":"Shading Mode"},"sceneLighting":false,"audioPlay":false,"sceneViewState":{"m_AlwaysRefresh":false,"showFog":true,"showSkybox":false,"showFlares":true,"showImageEffects":true,"showParticleSystems":true,"showVisualEffectGraphs":true,"m_FxEnabled":true},"in2DMode":false,"pivot":{"x":1.094808578491211,"y":0.5728216171264648,"z":-5.089852333068848},"rotation":{"x":0.017356881871819497,"y":0.9823154211044312,"z":-0.1439441442489624,"w":0.11844760924577713},"size":10.579994201660157,"orthographic":true}