{"cameraMode":{"drawMode":0,"name":"Shaded","section":"Shading Mode"},"sceneLighting":false,"audioPlay":false,"sceneViewState":{"m_AlwaysRefresh":false,"showFog":true,"showSkybox":false,"showFlares":true,"showImageEffects":true,"showParticleSystems":true,"showVisualEffectGraphs":true,"m_FxEnabled":true},"in2DMode":false,"pivot":{"x":-0.1587505340576172,"y":0.028750300407409669,"z":0.8655538558959961},"rotation":{"x":0.10189741849899292,"y":0.8174452781677246,"z":-0.15255498886108399,"w":0.5460230112075806},"size":13.864480972290039,"orthographic":false}