{"cameraMode":{"drawMode":0,"name":"Shaded","section":"Shading Mode"},"sceneLighting":false,"audioPlay":false,"sceneViewState":{"m_AlwaysRefresh":false,"showFog":true,"showSkybox":false,"showFlares":true,"showImageEffects":true,"showParticleSystems":true,"showVisualEffectGraphs":true,"m_FxEnabled":true},"in2DMode":false,"pivot":{"x":7.796329498291016,"y":0.4062352180480957,"z":-7.346094131469727},"rotation":{"x":0.037050191313028339,"y":0.7071790099143982,"z":-0.03716050833463669,"w":0.7050609588623047},"size":11.320612907409668,"orthographic":true}