{"cameraMode":{"drawMode":0,"name":"Shaded","section":"Shading Mode"},"sceneLighting":true,"audioPlay":false,"sceneViewState":{"m_AlwaysRefresh":false,"showFog":true,"showSkybox":true,"showFlares":true,"showImageEffects":true,"showParticleSystems":true,"showVisualEffectGraphs":true,"m_FxEnabled":true},"in2DMode":false,"pivot":{"x":-8.096931457519532,"y":5.247496128082275,"z":0.7880873680114746},"rotation":{"x":-0.07222434133291245,"y":-0.024835269898176194,"z":0.0017989026382565499,"w":-0.9970787763595581},"size":5.369780540466309,"orthographic":false}