{"cameraMode":{"drawMode":0,"name":"Shaded","section":"Shading Mode"},"sceneLighting":true,"audioPlay":false,"sceneViewState":{"m_AlwaysRefresh":false,"showFog":true,"showSkybox":true,"showFlares":true,"showImageEffects":true,"showParticleSystems":true,"showVisualEffectGraphs":true,"m_FxEnabled":true},"in2DMode":false,"pivot":{"x":-6.564380645751953,"y":4.922829627990723,"z":34.75471878051758},"rotation":{"x":-0.03024931624531746,"y":0.06053202226758003,"z":-0.0018354083877056838,"w":-0.9977142810821533},"size":8.958703994750977,"orthographic":false}