{"cameraMode":{"drawMode":0,"name":"Shaded","section":"Shading Mode"},"sceneLighting":true,"audioPlay":false,"sceneViewState":{"m_AlwaysRefresh":false,"showFog":true,"showSkybox":true,"showFlares":true,"showImageEffects":true,"showParticleSystems":true,"showVisualEffectGraphs":true,"m_FxEnabled":true},"in2DMode":false,"pivot":{"x":515.2181396484375,"y":262.3262939453125,"z":-8.2401123046875},"rotation":{"x":-0.049788735806941989,"y":-0.003898391267284751,"z":0.00019423769845161587,"w":-0.998752772808075},"size":354.9891662597656,"orthographic":false}