{"cameraMode":{"drawMode":0,"name":"Shaded","section":"Shading Mode"},"sceneLighting":false,"audioPlay":false,"sceneViewState":{"m_AlwaysRefresh":false,"showFog":true,"showSkybox":false,"showFlares":true,"showImageEffects":true,"showParticleSystems":true,"showVisualEffectGraphs":true,"m_FxEnabled":true},"in2DMode":false,"pivot":{"x":-0.7331122159957886,"y":0.3739248514175415,"z":-0.050095319747924808},"rotation":{"x":0.0786246806383133,"y":0.9208511710166931,"z":-0.2533666491508484,"w":0.28575900197029116},"size":1.4374058246612549,"orthographic":false}