{"cameraMode":{"drawMode":0,"name":"Shaded","section":"Shading Mode"},"sceneLighting":false,"audioPlay":false,"sceneViewState":{"m_AlwaysRefresh":false,"showFog":true,"showSkybox":false,"showFlares":true,"showImageEffects":true,"showParticleSystems":true,"showVisualEffectGraphs":true,"m_FxEnabled":true},"in2DMode":false,"pivot":{"x":0.10552787780761719,"y":-0.28770768642425539,"z":0.17980730533599854},"rotation":{"x":-0.012983407825231552,"y":0.9867643117904663,"z":-0.10249633342027664,"w":-0.124994657933712},"size":8.911198616027832,"orthographic":true}