{"cameraMode":{"drawMode":0,"name":"Shaded","section":"Shading Mode"},"sceneLighting":false,"audioPlay":false,"sceneViewState":{"showFog":true,"showMaterialUpdate":false,"showSkybox":true,"showFlares":true,"showImageEffects":true,"showParticleSystems":true},"in2DMode":false,"pivot":{"x":72.71215057373047,"y":5.372348785400391,"z":-81.26904296875},"rotation":{"x":0.21451979875564576,"y":0.2724202275276184,"z":-0.062442559748888019,"w":0.9358789920806885},"size":49.04987716674805,"orthographic":false}