{"cameraMode":{"drawMode":0,"name":"Shaded","section":"Shading Mode"},"sceneLighting":false,"audioPlay":false,"sceneViewState":{"showFog":true,"showMaterialUpdate":false,"showSkybox":true,"showFlares":true,"showImageEffects":true,"showParticleSystems":true},"in2DMode":false,"pivot":{"x":-0.23999999463558198,"y":0.9900000095367432,"z":0.33000001311302187},"rotation":{"x":0.12423446774482727,"y":-0.4296894967556,"z":0.059821244329214099,"w":0.892386794090271},"size":22.0,"orthographic":false}