{"cameraMode":{"drawMode":0,"name":"Shaded","section":"Shading Mode"},"sceneLighting":false,"audioPlay":false,"sceneViewState":{"showFog":true,"showMaterialUpdate":false,"showSkybox":true,"showFlares":true,"showImageEffects":true,"showParticleSystems":true},"in2DMode":false,"pivot":{"x":0.9883837699890137,"y":1.9521183967590333,"z":25.752214431762697},"rotation":{"x":-0.2410810887813568,"y":-0.20660142600536347,"z":0.05260699614882469,"w":-0.9467989802360535},"size":23.495830535888673,"orthographic":false}