{"cameraMode":{"drawMode":0,"name":"Shaded","section":"Shading Mode"},"sceneLighting":false,"audioPlay":false,"sceneViewState":{"showFog":true,"showMaterialUpdate":false,"showSkybox":true,"showFlares":true,"showImageEffects":true,"showParticleSystems":true},"in2DMode":false,"pivot":{"x":407.844970703125,"y":-77.68537139892578,"z":-180.64028930664063},"rotation":{"x":-0.18071432411670686,"y":-0.5525245666503906,"z":0.12417688965797425,"w":-0.804138720035553},"size":105.36771392822266,"orthographic":false}