{"cameraMode":{"drawMode":0,"name":"Shaded","section":"Shading Mode"},"sceneLighting":false,"audioPlay":false,"sceneViewState":{"showFog":true,"showMaterialUpdate":false,"showSkybox":true,"showFlares":true,"showImageEffects":true,"showParticleSystems":true},"in2DMode":false,"pivot":{"x":2.0516529083251955,"y":17.306392669677736,"z":-117.34466552734375},"rotation":{"x":-0.13436327874660493,"y":-0.5123818516731262,"z":0.0815453976392746,"w":-0.8442522287368774},"size":32.39197540283203,"orthographic":false}