{"cameraMode":{"drawMode":0,"name":"Shaded","section":"Shading Mode"},"sceneLighting":false,"audioPlay":false,"sceneViewState":{"showFog":true,"showMaterialUpdate":false,"showSkybox":true,"showFlares":true,"showImageEffects":true,"showParticleSystems":true},"in2DMode":false,"pivot":{"x":-38.616031646728519,"y":10.19601821899414,"z":33.26763153076172},"rotation":{"x":0.005564461927860975,"y":0.9538149833679199,"z":-0.017720524221658708,"w":0.2998200058937073},"size":26.478431701660158,"orthographic":false}