{"cameraMode":{"drawMode":0,"name":"Shaded","section":"Shading Mode"},"sceneLighting":false,"audioPlay":false,"sceneViewState":{"showFog":true,"showMaterialUpdate":false,"showSkybox":true,"showFlares":true,"showImageEffects":true,"showParticleSystems":true},"in2DMode":false,"pivot":{"x":-10.457728385925293,"y":-3.630464553833008,"z":-48.0156135559082},"rotation":{"x":-0.23353971540927888,"y":0.1889084130525589,"z":-0.04630756750702858,"w":-0.952695369720459},"size":36.03453826904297,"orthographic":false}