{"cameraMode":{"drawMode":0,"name":"Shaded","section":"Shading Mode"},"sceneLighting":false,"audioPlay":false,"sceneViewState":{"showFog":true,"showMaterialUpdate":false,"showSkybox":true,"showFlares":true,"showImageEffects":true,"showParticleSystems":true},"in2DMode":false,"pivot":{"x":-337.43878173828127,"y":151.01400756835938,"z":-989.482421875},"rotation":{"x":-0.027830909937620164,"y":0.9423518776893616,"z":-0.08108443766832352,"w":-0.32345589995384219},"size":1877.1063232421875,"orthographic":false}