{"cameraMode":{"drawMode":0,"name":"Shaded","section":"Shading Mode"},"sceneLighting":false,"audioPlay":false,"sceneViewState":{"showFog":true,"showMaterialUpdate":false,"showSkybox":true,"showFlares":true,"showImageEffects":true,"showParticleSystems":true},"in2DMode":false,"pivot":{"x":-43.68330383300781,"y":22.544300079345704,"z":14.421086311340332},"rotation":{"x":-0.05762336030602455,"y":0.7376664280891419,"z":-0.06347254663705826,"w":-0.6697007417678833},"size":24.905324935913087,"orthographic":false}