{"cameraMode":{"drawMode":0,"name":"Shaded","section":"Shading Mode"},"sceneLighting":true,"audioPlay":false,"sceneViewState":{"showFog":true,"showMaterialUpdate":false,"showSkybox":true,"showFlares":true,"showImageEffects":true,"showParticleSystems":true},"in2DMode":false,"pivot":{"x":-273.3525390625,"y":-120.60313415527344,"z":246.47959899902345},"rotation":{"x":0.11177711933851242,"y":-0.3920266330242157,"z":0.04805447906255722,"w":0.9118726849555969},"size":593.2637329101563,"orthographic":false}