{"cameraMode":{"drawMode":0,"name":"Shaded","section":"Shading Mode"},"sceneLighting":false,"audioPlay":false,"sceneViewState":{"showFog":true,"showMaterialUpdate":false,"showSkybox":true,"showFlares":true,"showImageEffects":true,"showParticleSystems":true},"in2DMode":false,"pivot":{"x":-13.121127128601075,"y":12.847199440002442,"z":-20.780391693115236},"rotation":{"x":0.15137408673763276,"y":0.023796023800969125,"z":-0.003648908343166113,"w":0.9881833791732788},"size":0.00005715767838410102,"orthographic":false}