{"cameraMode":{"drawMode":0,"name":"Shaded","section":"Shading Mode"},"sceneLighting":false,"audioPlay":false,"sceneViewState":{"showFog":true,"showMaterialUpdate":false,"showSkybox":true,"showFlares":true,"showImageEffects":true,"showParticleSystems":true},"in2DMode":false,"pivot":{"x":339.2796325683594,"y":-66.40032958984375,"z":-150.13427734375},"rotation":{"x":0.0738283023238182,"y":-0.0043289209716022018,"z":0.0003191491705365479,"w":0.9972615838050842},"size":85.1712417602539,"orthographic":false}