{"cameraMode":{"drawMode":0,"name":"Shaded","section":"Shading Mode"},"sceneLighting":false,"audioPlay":false,"sceneViewState":{"showFog":true,"showMaterialUpdate":false,"showSkybox":true,"showFlares":true,"showImageEffects":true,"showParticleSystems":true},"in2DMode":false,"pivot":{"x":-8.831896781921387,"y":0.5984207391738892,"z":-84.93264770507813},"rotation":{"x":-0.1703372597694397,"y":0.05182762071490288,"z":-0.008972050622105599,"w":-0.9839810132980347},"size":61.919979095458987,"orthographic":false}