{"cameraMode":{"drawMode":0,"name":"Shaded","section":"Shading Mode"},"sceneLighting":false,"audioPlay":false,"sceneViewState":{"showFog":true,"showMaterialUpdate":false,"showSkybox":true,"showFlares":true,"showImageEffects":true,"showParticleSystems":true},"in2DMode":false,"pivot":{"x":-2.034581184387207,"y":-1.4854975938796998,"z":-3.3912549018859865},"rotation":{"x":-0.01590173877775669,"y":0.05988358333706856,"z":0.0009484656620770693,"w":0.9980782866477966},"size":0.00005715767838410102,"orthographic":false}