{"cameraMode":{"drawMode":0,"name":"Shaded","section":"Shading Mode"},"sceneLighting":false,"audioPlay":false,"sceneViewState":{"showFog":true,"showMaterialUpdate":false,"showSkybox":true,"showFlares":true,"showImageEffects":true,"showParticleSystems":true},"in2DMode":false,"pivot":{"x":164.81924438476563,"y":-9.639687538146973,"z":-106.03439331054688},"rotation":{"x":-0.04252859205007553,"y":0.9574387669563294,"z":-0.20617516338825227,"w":-0.19746947288513184},"size":25.132976531982423,"orthographic":false}