{"cameraMode":{"drawMode":0,"name":"Shaded","section":"Shading Mode"},"sceneLighting":false,"audioPlay":false,"sceneViewState":{"showFog":true,"showMaterialUpdate":false,"showSkybox":true,"showFlares":true,"showImageEffects":true,"showParticleSystems":true},"in2DMode":false,"pivot":{"x":1.2676634788513184,"y":0.5621170997619629,"z":3.4504427909851076},"rotation":{"x":-0.2410810887813568,"y":-0.20660142600536347,"z":0.05260699614882469,"w":-0.9467989802360535},"size":18.495777130126954,"orthographic":false}