{"cameraMode":{"drawMode":0,"name":"Shaded","section":"Shading Mode"},"sceneLighting":false,"audioPlay":false,"sceneViewState":{"showFog":true,"showMaterialUpdate":false,"showSkybox":true,"showFlares":true,"showImageEffects":true,"showParticleSystems":true},"in2DMode":false,"pivot":{"x":90.06916046142578,"y":-3.648841619491577,"z":-72.03269958496094},"rotation":{"x":0.2354193925857544,"y":0.179098442196846,"z":-0.044184163212776187,"w":0.9542270302772522},"size":34.993526458740237,"orthographic":false}