{"cameraMode":{"drawMode":0,"name":"Shaded","section":"Shading Mode"},"sceneLighting":false,"audioPlay":false,"sceneViewState":{"m_AlwaysRefresh":false,"showFog":true,"showSkybox":false,"showFlares":true,"showImageEffects":true,"showParticleSystems":true,"showVisualEffectGraphs":true,"m_FxEnabled":true},"in2DMode":false,"pivot":{"x":0.6029070019721985,"y":2.5286943912506105,"z":2.3137476444244386},"rotation":{"x":0.11911147832870484,"y":0.7921285629272461,"z":-0.1638699173927307,"w":0.5757344365119934},"size":8.498637199401856,"orthographic":true}