{"cameraMode":{"drawMode":0,"name":"Shaded","section":"Shading Mode"},"sceneLighting":false,"audioPlay":false,"sceneViewState":{"showFog":true,"showMaterialUpdate":false,"showSkybox":false,"showFlares":true,"showImageEffects":true,"showParticleSystems":true,"showVisualEffectGraphs":true,"m_FxEnabled":true},"in2DMode":false,"pivot":{"x":2.7696757316589357,"y":13.275358200073243,"z":-11.811293601989746},"rotation":{"x":-0.10326723009347916,"y":0.08255661278963089,"z":-0.008565427735447884,"w":-0.9911695718765259},"size":0.909326434135437,"orthographic":false}