{"cameraMode":{"drawMode":0,"name":"Shaded","section":"Shading Mode"},"sceneLighting":false,"audioPlay":false,"sceneViewState":{"m_AlwaysRefresh":false,"showFog":true,"showSkybox":false,"showFlares":true,"showImageEffects":true,"showParticleSystems":true,"showVisualEffectGraphs":true,"m_FxEnabled":true},"in2DMode":false,"pivot":{"x":-0.29366016387939455,"y":3.8238110542297365,"z":-56.874446868896487},"rotation":{"x":-0.10641349852085114,"y":-0.237135648727417,"z":0.02618398517370224,"w":-0.9652588963508606},"size":11.263777732849121,"orthographic":false}