{"cameraMode":{"drawMode":0,"name":"Shaded","section":"Shading Mode"},"sceneLighting":false,"audioPlay":false,"sceneViewState":{"m_AlwaysRefresh":false,"showFog":true,"showSkybox":false,"showFlares":true,"showImageEffects":true,"showParticleSystems":true,"showVisualEffectGraphs":true,"m_FxEnabled":true},"in2DMode":false,"pivot":{"x":0.00002384185791015625,"y":0.18253350257873536,"z":0.9100761413574219},"rotation":{"x":-0.0000201688235392794,"y":0.9998459219932556,"z":-0.01799888350069523,"w":-0.0012040556175634266},"size":13.831128120422364,"orthographic":true}