{"cameraMode":{"drawMode":0,"name":"Shaded","section":"Shading Mode"},"sceneLighting":false,"audioPlay":false,"sceneViewState":{"m_AlwaysRefresh":false,"showFog":true,"showSkybox":false,"showFlares":true,"showImageEffects":true,"showParticleSystems":true,"showVisualEffectGraphs":true,"m_FxEnabled":true},"in2DMode":false,"pivot":{"x":0.024857521057128907,"y":-2.046818256378174,"z":5.714641571044922},"rotation":{"x":0.17753911018371583,"y":0.2159285545349121,"z":-0.0399676077067852,"w":0.9593127965927124},"size":16.086668014526368,"orthographic":false}