{"cameraMode":{"drawMode":0,"name":"Shaded","section":"Shading Mode"},"sceneLighting":false,"audioPlay":false,"sceneViewState":{"m_AlwaysRefresh":false,"showFog":true,"showSkybox":false,"showFlares":true,"showImageEffects":true,"showParticleSystems":true,"showVisualEffectGraphs":true,"m_FxEnabled":true},"in2DMode":false,"pivot":{"x":1.7935223579406739,"y":-1.283003807067871,"z":-4.6914849281311039},"rotation":{"x":-0.026003552600741388,"y":-0.9691898226737976,"z":0.11716870218515396,"w":-0.21509484946727754},"size":3.6302194595336916,"orthographic":false}