{"cameraMode":{"drawMode":0,"name":"Shaded","section":"Shading Mode"},"sceneLighting":false,"audioPlay":false,"sceneViewState":{"m_AlwaysRefresh":false,"showFog":true,"showSkybox":false,"showFlares":true,"showImageEffects":true,"showParticleSystems":true,"showVisualEffectGraphs":true,"m_FxEnabled":true},"in2DMode":false,"pivot":{"x":-1.9736225605010987,"y":-2.4380593299865724,"z":2.7690372467041017},"rotation":{"x":-0.004174975678324699,"y":0.9958187341690064,"z":-0.06462889909744263,"w":-0.06433413177728653},"size":5.048951148986816,"orthographic":true}